activity,M12,other months
badge_OCZE,0.9626769626769627,0.05486284289276808
comp_* pages,0.2812097812097812,0.6708229426433915
Viewed All Discussions,0.2805662805662806,0.6600166251039069
Viewed All Competitions,0.26576576576576577,0.6242726517040732
Viewed All Learning Pages,0.23873873873873874,0.49542809642560265
Downloaded Competition Datafile,0.15057915057915058,0.27514546965918535
join_comp,0.12805662805662807,0.25353283458021614
Created Submission,0.11969111969111969,0.171238570241064
Joined Competition,0.11904761904761904,0.19534497090606817
Signed In,0.11904761904761904,0.23773898586866168
$identify,0.11583011583011583,0.23025768911055694
Updated Profile,0.06692406692406692,0.12967581047381546
comment,0.06048906048906049,0.007481296758104738
Updated Submission,0.05662805662805663,0.0798004987531172
discussion,0.055341055341055344,0.08977556109725686
Updated Discussion,0.05405405405405406,0.05403158769742311
Viewed All Jobs,0.052123552123552123,0.09642560266001662
blog_* pages,0.04633204633204633,0.0656691604322527
Signed Out,0.039253539253539256,0.08146300914380715
Confirmed Email,0.028314028314028315,0.06816292601828762
Updated Comment,0.017374517374517374,0.040731504571903575
job_* pages,0.01673101673101673,0.03574397339983375
Viewed Discussion,0.01287001287001287,0.07315045719035744
Signed Up,0.010296010296010296,0.038237738985868665
$create_alias,0.010296010296010296,0.0399002493765586
badge_MLPD,0.002574002574002574,0.005818786367414797
Applied To Job,0.0006435006435006435,0.0024937655860349127
Viewed FAQ,0.0006435006435006435,0.004156275976724855
Created Team,0.0006435006435006435,0.03574397339983375
Updated Team,0.0006435006435006435,0.006650041562759767
Joined Team,0.0006435006435006435,0.03408146300914381
Accepted Team Leadership Transfer,0.0,0.0024937655860349127
Updated Discussion Team Participants,0.0,0.0008312551953449709
Invited Member To Team,0.0,0.030756442227763924
Revoked Team Leadership Transfer,0.0,0.0008312551953449709
Deleted Team,0.0,0.004156275976724855
Transferred Team Leadership,0.0,0.004987531172069825
Votes (Up/Down),0.0,0.004156275976724855
badge_PLDS,0.0,0.0024937655860349127
