,coef
cat__Countries_ID_QX77,1.4840622697540304
cat__Countries_ID_SEJD,1.3187884571225623
cat__Countries_ID_8IOX,1.2343758421864326
cat__Countries_ID_QPCM,1.0933976065271056
cat__Countries_ID_LFAG,1.0626361541632083
cat__Countries_ID_3676,1.0574742265529016
cat__Countries_ID_ROVH,1.0556790537780318
cat__Countries_ID_SM32,1.015243643377174
cat__Countries_ID_PVCK,0.9850017128614222
cat__Countries_ID_URO6,0.9669577540449463
cat__Countries_ID_OU72,-0.9537497743924157
cat__Countries_ID_PCJH,-0.8598963490215733
cat__Countries_ID_NUG6,-0.855762104251452
cat__Countries_ID_F7QA,0.8423645617575376
cat__Countries_ID_B2KD,-0.810774588112688
cat__Countries_ID_P8OW,-0.7993958325030546
cat__Countries_ID_WPCV,-0.783557111919505
cat__Countries_ID_G3F0,0.7711891076342009
cat__Countries_ID_KWYA,0.7630210653520905
cat__Countries_ID_CK3J,0.7596407178919156
cat__Countries_ID_OTOG,0.7586833825948228
cat__Countries_ID_FLPN,-0.7419361912318612
cat__Countries_ID_EOMO,0.6750757081984535
cat__Countries_ID_X9GR,0.6499969068434072
cat__Countries_ID_WE5Q,0.6424125004871521
cat__Countries_ID_MA9L,-0.6404103452450646
cat__Countries_ID_YSLJ,0.6309707064720056
cat__Countries_ID_ZEWU,0.6179213627040258
num__act_comp_ID_D242,-0.6143001124435501
cat__Countries_ID_QC4K,0.5983209978964709
cat__Countries_ID_QTEJ,0.5901532940725258
cat__Countries_ID_2GLI,0.5722769133335571
cat__Countries_ID_ER9G,-0.5506326443729099
cat__Countries_ID_N6EN,0.5404524282655749
cat__Countries_ID_IYO8,-0.5303395702409581
cat__Countries_ID_16GY,-0.5302628181277018
cat__Countries_ID_S8Z3,0.5182041748024805
num__signup_day,0.5063950822852957
cat__Countries_ID_JL83,-0.49547688313013066
cat__Countries_ID_41R1,-0.48511010766125545
num__act_comp_ID_I9BN,0.48295989251581467
cat__Countries_ID_U8DC,-0.48036316592715167
cat__Countries_ID_PR9X,0.45643490582971546
cat__Countries_ID_DYF9,0.4556388049978503
cat__Countries_ID_SIQF,0.44140380513176947
cat__Countries_ID_H03V,0.4250385311355234
cat__Countries_ID_UL1R,-0.42268288835557144
cat__Countries_ID_FQ1U,0.42117404809948034
cat__Countries_ID_ZSGZ,-0.41823730276534254
num__act_comp_ID_528W,0.4112984837364025
cat__Countries_ID_HE2Y,-0.40895057652157607
num__act_comp_ID_D6NX,-0.39974544728678923
cat__Countries_ID_I44R,-0.3975466012086023
cat__Countries_ID_D73V,-0.3969403400834636
cat__Countries_ID_JGLL,0.39240307724950874
cat__Countries_ID_0Q35,-0.3922810757480914
num__act_join_comp,0.3887748036885888
cat__Countries_ID_YKPA,-0.38290015908050856
cat__Countries_ID_JD0C,-0.37486984395147604
cat__FeatureX_0,-0.3746843341451428
cat__Countries_ID_ONON,-0.36510729466105946
cat__Countries_ID_G7B0,-0.3587026711758753
cat__Countries_ID_8CE7,0.35003780503173343
cat__Countries_ID_J0G8,-0.34151189793619624
num__act_comp_ID_3UCL,-0.33654319555701345
cat__Countries_ID_5PCZ,0.3358295172718492
cat__Countries_ID_FRFA,-0.3218358736327513
num__act_Signed_Up,0.32014371211814446
cat__Countries_ID_VP5C,0.31781438502653286
cat__Countries_ID_UKC2,-0.3176889108799422
cat__FeatureX_1,0.3141799654485412
num__act_comp_ID_OMHL,0.275437685956406
cat__Countries_ID_GYYX,-0.2725161623512798
num__act_comp_ID_ZD6R,0.26977393408312966
cat__Countries_ID_5XY0,-0.2683001383474948
cat__Countries_ID_3GBN,-0.2667831661564182
num__act_comp_ID_F5JG,-0.26440127942780034
cat__Countries_ID_HDGH,-0.2587141354902723
cat__Countries_ID_BNYG,-0.2513951331447978
cat__Countries_ID_9BUZ,-0.24920461766708296
num__act_blog_ID_HAQH,-0.24878496320771953
num__act_comp_ID_JRC2,0.24859409951953465
cat__Countries_ID_0R6B,-0.24479313890719726
cat__Countries_ID_J3U5,-0.24331987241620617
num__act_comp_ID_5BJR,-0.2423079498216708
num__act_comp_ID_BXIL,0.23978519208450177
num__act_blog_ID_7GVR,-0.23699900476580757
cat__Countries_ID_5LZK,-0.2361437542725031
cat__Countries_ID_JMXU,-0.23567585836259333
num__act_Deleted_Team,-0.2316450329318293
cat__Countries_ID_33OQ,-0.23152999955141976
num__act_create_alias,-0.2295489554393111
cat__Countries_ID_6I63,-0.22150127662498925
num__act_comp_ID_7YDI,-0.22030457377139884
num__act_identify,0.2176343219417489
num__act_blog_ID_9RIT,-0.21449380698485812
cat__Countries_ID_1YP2,-0.2139368303027574
cat__Countries_ID_V6J6,-0.20811037980564576
num__act_comp_ID_BR9A,-0.20714243036376223
num__act_Downloaded_Competition_Datafile,0.20665049178513387
cat__Countries_ID_DYYF,-0.20177847854173764
num__act_blog_ID_NEQG,-0.20135392771182384
num__act_comp_ID_ZXV0,-0.1996469811738646
num__act_comp_ID_4B7L,0.19908649132108955
cat__Countries_ID_FRRA,0.1977309943299752
num__act_comp_ID_LSIO,-0.19665728476699976
num__act_comp_ID_FN7K,-0.19580845469690844
num__act_Kicked_Member_From_Team,-0.19517476134437206
cat__Countries_ID_58HP,-0.19400357686176678
cat__Countries_ID_9MT0,-0.19277865768795485
num__act_job_ID_P6Q8,-0.1907034979469094
cat__Countries_ID_IGPL,-0.18942036515889066
cat__Countries_ID_1SUM,0.18670582700336572
cat__Countries_ID_HN13,-0.18640939782920585
cat__Countries_ID_PG1A,-0.18482683806234537
num__act_badge_PLDS,-0.18452045071158665
cat__Countries_ID_NDQK,-0.18311812743203856
num__act_comp_ID_WWZ3,-0.1829905738769637
num__act_blog_ID_YEJW,-0.18202280467549967
cat__Countries_ID_KCRN,-0.17866426205024385
num__act_blog_ID_2MAO,0.1781663755199838
num__act_blog_ID_20QL,-0.17809787887536316
num__act_blog_ID_GOJM,-0.17787837130093295
num__act_comp_ID_CR6P,0.1773543615783553
cat__Countries_ID_MZDD,-0.17526951171912622
num__act_comp_ID_0W7H,0.17279661889048198
cat__Countries_ID_4EAY,-0.17254184447869672
num__act_comp_ID_M3ST,-0.1702573107302648
num__act_blog_ID_A8QW,-0.16922668996792148
num__act_comp_ID_KGUF,0.16881815312379586
cat__Countries_ID_E21C,-0.16881381828289335
cat__Countries_ID_C1ZV,0.168423986872445
num__act_Viewed_All_Learning_Pages,0.166776012145571
num__act_comp_ID_TDAE,0.16375196035587755
num__act_comp_ID_GR92,0.16337066584931012
num__act_Votes_Up_Down,0.1608370703578674
num__act_Signed_Out,-0.15447394382431356
cat__Countries_ID_RJYN,0.15234810407211136
num__act_blog_ID_VXPF,-0.151887098380993
num__act_comp_ID_1DWD,-0.15133393360090222
cat__Countries_ID_ND0L,-0.14967979463064138
cat__Countries_ID_nan,-0.1496420255120245
num__act_comp_ID_UU4Y,0.14943914270088535
num__act_comp_ID_XDE3,0.14932128450226861
num__act_comp_ID_X0PD,-0.14883940105644067
num__act_blog_ID_JR8K,-0.1477702447820277
num__act_Viewed_All_Discussions,0.1477307794976271
num__act_comp_ID_D5GE,0.14439102680988242
num__act_comp_ID_0GRZ,-0.14305071456256951
cat__FeatureY_0,-0.14221664575647208
num__act_comp_ID_Q02Q,-0.14157875033147319
num__act_blog_ID_PNAQ,0.1395847921443445
num__act_comp_ID_RAP1,-0.13763213816733036
num__act_comp_ID_YCUK,0.13701307174343183
num__act_comp_ID_WWVF,0.13655169770183445
cat__Countries_ID_K4DG,-0.1361898181704036
cat__Countries_ID_03GB,0.13601331422487595
num__act_comp_ID_Y6FW,-0.13488757595625997
num__act_Accepted_Team_Leadership_Transfer,-0.13432986711706632
num__act_comp_ID_8FTV,0.1323554344911828
num__act_comp_ID_PR4E,-0.13212657106928194
num__act_comp_ID_5C2H,-0.13150130284618924
cat__Countries_ID_HSL8,0.13125516958255898
cat__Countries_ID_CL2I,-0.13116662042161428
num__act_comp_ID_MRYN,-0.1307063757826068
cat__Countries_ID_Y7L1,-0.12947923456593063
num__act_comp_ID_ONW3,-0.1273365555327597
num__act_comp_ID_45W9,-0.12678696503733358
num__act_comp_ID_44UB,0.12676541593665902
num__act_comp_ID_381F,0.12676541593665902
num__act_comp_ID_C7ZC,-0.12651654883171234
num__act_blog_ID_F3TO,-0.12490465492516117
num__act_comp_ID_63DF,-0.12245802833919645
cat__Countries_ID_1OX6,-0.12213276959084056
num__act_blog_ID_A74U,-0.12198708295521116
num__act_comp_ID_20XL,0.12081374758869155
cat__Countries_ID_253Q,-0.11990695164871845
num__act_Updated_Profile,-0.11728053662415533
num__act_comp_ID_W18I,-0.11685089892942327
num__act_comp_ID_UCC7,-0.11612187561103667
num__act_Signed_In,-0.11346100995824124
cat__Countries_ID_7JT1,-0.11206528741812265
num__act_blog_ID_Q2AQ,0.11121093522882718
num__act_blog_ID_21DG,-0.11009542868406333
num__act_comp_ID_T2XN,0.10990499668200039
cat__Countries_ID_C0SG,-0.10985536709160904
num__act_comp_ID_HCST,0.10955709789149892
num__act_comp_ID_OINS,0.1092548611129935
num__act_comp_ID_0Y9T,-0.10739997759901683
cat__Countries_ID_ISIQ,-0.10706655941659027
cat__Countries_ID_B7WJ,-0.10589612600996519
num__act_comp_ID_GAV9,0.10526326025055528
num__act_comp_ID_6E1C,0.10465500398461895
num__act_comp_ID_208Z,-0.1039094419457604
cat__Countries_ID_L9PA,-0.10376867270189208
num__act_blog_ID_QETJ,-0.1032614241094254
num__act_comp_ID_7CF2,0.1032088977628671
cat__Countries_ID_CDDS,-0.10259705163702915
num__act_comp_ID_70XX,-0.10196243946160331
num__act_comp_ID_J5IZ,0.10188031481353198
num__act_comp_ID_WOCO,-0.10140581098113616
num__act_comp_ID_TBXU,0.09777394143756477
num__act_comp_ID_CVUS,0.09727509336003098
num__act_blog_ID_VIQ1,-0.09675100172789095
num__act_comp_ID_XUWA,-0.09636037476925782
num__act_blog_ID_EY3D,0.09633524857832779
cat__Countries_ID_O1II,-0.09618401530528137
num__act_comp_ID_3AG0,0.09544514970858642
cat__Countries_ID_FAJ7,-0.09496633701587591
num__act_blog_ID_4ZAC,0.09400034718513339
num__act_blog_ID_FE45,0.09328943625822302
num__act_blog_ID_WOOH,0.09328943625822302
num__act_blog_ID_HOZ3,-0.09324161550117771
num__act_comp_ID_M7TY,0.09275098402024698
num__act_comp_ID_R181,0.09073411713354865
cat__Countries_ID_7WKY,0.0900809525957495
num__act_blog_ID_PTSN,-0.08973116776654756
num__act_job_ID_54A8,-0.08939002603723531
num__act_comp_ID_ZN92,0.0873724715562023
cat__FeatureY_3,0.08683317438535693
num__act_comp_ID_30XH,-0.08678460759797682
cat__Countries_ID_SB8S,-0.08581823169378303
num__act_comp_ID_W9RN,-0.08510949561906352
num__act_blog_ID_Z6MM,-0.08483179121430559
num__act_comp_ID_64I3,0.0843583030008419
num__act_comp_ID_L9R0,0.0841140305317801
num__act_job_ID_VJ43,-0.0801791104854401
num__act_Created_Submission,0.07955238263194489
num__act_comp_ID_8LGP,-0.07945926145923145
num__act_comp_ID_8SHD,0.0793599118680071
num__act_comp_ID_F7QD,0.07899256549687383
num__act_comp_ID_KESL,0.07862761852615863
cat__Countries_ID_G4PG,-0.07832664205871306
num__act_Joined_Team,-0.07726331620068413
num__act_job_ID_1BD0,0.07634734765647658
num__act_comp_ID_P87E,-0.07405920785473935
num__act_comp_ID_8OX0,-0.07209848657702332
num__act_comp_ID_I3OK,-0.07149482817397584
num__act_Updated_Comment,0.07091382936078933
num__act_comp_ID_5NAE,-0.07068717572213154
num__act_comp_ID_KU2G,0.07046275728468673
num__act_comp_ID_0SN1,0.07029058512792707
num__act_blog_ID_KFKU,-0.06972080226383115
num__act_blog_ID_OD7E,-0.06836488143311306
num__act_blog_ID_GZ7Z,0.0662637615738836
num__act_comp_ID_U18G,-0.06616823599941421
num__act_job_ID_R7BC,0.06610089802540452
cat__Countries_ID_NP6G,-0.06578313456130988
num__act_Left_Team,-0.06566471782289839
num__act_blog_ID_23W7,0.06559451188046302
num__act_Report_Something,-0.06543475561075579
num__act_blog_ID_IDAV,-0.06520038787285104
num__act_comp_ID_ZGS4,-0.06345497109638337
num__act_badge_MLPD,-0.06298776729791726
cat__Countries_ID_Y222,-0.05287567344150109
num__act_comp_ID_Q2OB,-0.04712784117560681
