n_features,F1_mean,F1_std
1,0.13685628097392805,0.15632806679559286
6,0.09265156304102003,0.11365162667674378
16,0.36610433905626366,0.011841178072207078
26,0.37081196415372847,0.018083640378550595
36,0.39526078407648363,0.02759457650591667
46,0.4530358151999157,0.015632359820556618
56,0.4638669089881818,0.014458948765673017
66,0.4634802754373174,0.015414820629917569
76,0.4640078368991155,0.014633737789832731
86,0.46757992725399083,0.018065841592844314
96,0.47026591664894646,0.01812441540525743
106,0.47014018692575943,0.017341343988549668
116,0.46682331388780385,0.015878342464924915
126,0.4691589675899518,0.014181546639869353
136,0.47014762861495196,0.013926067194301726
146,0.468381623698384,0.01635625756873495
156,0.4701845103143631,0.01653284153951311
166,0.470873237523964,0.017900549367321456
176,0.47393897856096895,0.014965696194620449
186,0.47279476584995317,0.013226195666856908
196,0.4734797141786576,0.011829776616086434
206,0.47228044506544736,0.010754119581380632
216,0.47206323566190844,0.01162118022490069
226,0.4723844206090634,0.01375264610823319
236,0.4721514902236327,0.013542623351351545
246,0.4726558831091965,0.017502726772670802
256,0.47483098275296465,0.01844398311852385
266,0.4722250920010732,0.017760070628423594
276,0.4732864045976421,0.014812088055572173
286,0.47358854647627846,0.01748483126131206
296,0.47314349725650146,0.01695564873562274
306,0.47212133827847547,0.016537783940554922
316,0.4736234530928665,0.011566540214164702
326,0.472393551476521,0.01061386520675706
336,0.4715464144198327,0.009079492585499449
346,0.47266809218196526,0.010199053647710251
356,0.47075384053903174,0.011502932157052087
366,0.47045363774176396,0.011769666598270822
376,0.472514711183329,0.01103438303229809
386,0.4703813166075378,0.00990113751989199
396,0.46879910221060594,0.011035599781924818
406,0.4693385071074097,0.01052608244486638
416,0.469159218893877,0.011047609241057006
426,0.4681637681492652,0.011274601355134148
436,0.46855654287646437,0.010320184376196197
446,0.46831264382557986,0.010151887840042756
456,0.46863325325118926,0.010154051361009718
466,0.4679786323764622,0.010274958923001992
476,0.4678776860042224,0.0101581747695016
486,0.4678776860042224,0.0101581747695016
496,0.4678776860042224,0.0101581747695016
506,0.4678776860042224,0.0101581747695016
516,0.4678776860042224,0.0101581747695016
