class_weight,criterion,max_depth,min_samples_leaf,F1_mean,F1_std,rank
balanced,gini,5.0,1,0.4744285691613707,0.01060038844032552,1
balanced,gini,5.0,5,0.4737613071454387,0.01087787518955352,2
balanced,gini,5.0,10,0.4726384825151255,0.010532161142269063,3
balanced,entropy,5.0,5,0.4707139433786881,0.012620663773612971,4
balanced,entropy,6.0,10,0.4702784756552997,0.006959838600070051,5
balanced,entropy,5.0,1,0.4696926177462422,0.011563488859763526,6
balanced,entropy,5.0,10,0.4690059018334872,0.013052128036262508,7
balanced,gini,5.0,20,0.46829851717438514,0.007273072877373161,8
balanced,gini,4.0,1,0.467493493530597,0.00557621690122933,9
balanced,gini,4.0,5,0.467493493530597,0.00557621690122933,9
balanced,entropy,6.0,5,0.46715886409891194,0.007891119808648721,11
balanced,gini,4.0,10,0.46619128963640694,0.006469742405434094,12
balanced,entropy,4.0,100,0.4661883220113682,0.006274732295512704,13
balanced,gini,4.0,100,0.4661883220113682,0.006274732295512704,13
balanced,entropy,4.0,5,0.46613906051223014,0.006467945025746839,15
balanced,entropy,4.0,1,0.46613906051223014,0.006467945025746839,15
balanced,entropy,5.0,20,0.46603086265078736,0.008260272420741614,17
balanced,entropy,4.0,10,0.4659414798467589,0.006730863606576586,18
balanced,entropy,6.0,1,0.46576881207808507,0.00805483928632161,19
balanced,entropy,5.0,100,0.4655599889647843,0.00867920349158598,20
balanced,gini,5.0,100,0.4655599889647843,0.00867920349158598,20
balanced,gini,4.0,20,0.46535120343295855,0.006567496681149033,22
balanced,entropy,6.0,20,0.4650938304874884,0.010280632032793164,23
balanced,gini,6.0,10,0.4650899988981171,0.008662026204308232,24
balanced,gini,6.0,20,0.46462804763662824,0.00936251422906657,25
balanced,entropy,6.0,100,0.46415844299700815,0.007360598868535173,26
balanced,gini,6.0,100,0.46415844299700815,0.007360598868535173,26
balanced,gini,15.0,100,0.464099580658582,0.009456954961636507,28
balanced,gini,10.0,100,0.464099580658582,0.009456954961636507,28
balanced,gini,8.0,100,0.464099580658582,0.009456954961636507,28
balanced,gini,,100,0.464099580658582,0.009456954961636507,28
balanced,entropy,15.0,100,0.464099580658582,0.009456954961636507,28
balanced,entropy,8.0,100,0.464099580658582,0.009456954961636507,28
balanced,entropy,10.0,100,0.464099580658582,0.009456954961636507,28
balanced,entropy,,100,0.464099580658582,0.009456954961636507,28
balanced,entropy,4.0,20,0.4639233022270945,0.007835491959670126,36
balanced,entropy,4.0,50,0.4637147225865941,0.007762106483918571,37
balanced,gini,4.0,50,0.46332214815048334,0.008227240039901202,38
balanced,gini,6.0,50,0.4622432757085023,0.006830733241359235,39
balanced,gini,6.0,5,0.4612027765312912,0.008945348154197673,40
balanced,gini,6.0,1,0.4609309298762347,0.008170283605779344,41
balanced,gini,3.0,20,0.46092526224788344,0.012452742180755814,42
balanced,gini,3.0,50,0.46092526224788344,0.012452742180755814,42
balanced,gini,3.0,10,0.46092526224788344,0.012452742180755814,42
balanced,gini,3.0,5,0.46092526224788344,0.012452742180755814,42
balanced,gini,3.0,1,0.46092526224788344,0.012452742180755814,42
balanced,entropy,3.0,10,0.46092526224788344,0.012452742180755814,42
balanced,gini,3.0,100,0.46092526224788344,0.012452742180755814,42
balanced,entropy,3.0,1,0.46092526224788344,0.012452742180755814,42
balanced,entropy,3.0,20,0.46092526224788344,0.012452742180755814,42
balanced,entropy,3.0,5,0.46092526224788344,0.012452742180755814,42
balanced,entropy,3.0,100,0.46092526224788344,0.012452742180755814,42
balanced,entropy,3.0,50,0.46092526224788344,0.012452742180755814,42
balanced,entropy,6.0,50,0.46055836520116894,0.007168698553148691,54
balanced,gini,5.0,50,0.4605143896530408,0.006719077167170711,55
balanced,entropy,5.0,50,0.45899402886296353,0.011048171936064192,56
balanced,gini,8.0,50,0.45572494357771126,0.014379775616888326,57
balanced,entropy,8.0,50,0.45459290828568444,0.011125183302002756,58
balanced,gini,10.0,50,0.45435626286956554,0.011788353339882016,59
balanced,gini,15.0,50,0.4539184578330782,0.012630672803215004,60
balanced,gini,,50,0.4539184578330782,0.012630672803215004,60
balanced,entropy,10.0,50,0.4538654677620304,0.012875473929944413,62
balanced,entropy,8.0,10,0.4527557897776394,0.00622955082400189,63
balanced,gini,8.0,20,0.45199453844278076,0.013564016402845889,64
balanced,entropy,15.0,50,0.4517463122506912,0.013092215879873373,65
balanced,entropy,,50,0.4517463122506912,0.013092215879873373,65
balanced,entropy,8.0,1,0.451010192077669,0.004765696199868575,67
balanced,entropy,8.0,5,0.4488981488767706,0.0042410321249357836,68
balanced,gini,8.0,10,0.44870085897955664,0.01874174233318707,69
balanced,entropy,8.0,20,0.44848421578981323,0.014909765299893732,70
balanced,gini,8.0,1,0.4454868007094982,0.010086423299583343,71
balanced,gini,10.0,20,0.4454166879090254,0.014136695112951311,72
balanced,gini,8.0,5,0.44536440686834255,0.011740604174513876,73
balanced,entropy,10.0,10,0.4432732214396748,0.005586313737970656,74
balanced,gini,10.0,5,0.44203554926256405,0.003674931860156328,75
balanced,entropy,10.0,20,0.44133295652314397,0.010183308804848187,76
balanced,gini,10.0,1,0.441072317006214,0.0071728304188003284,77
balanced,gini,10.0,10,0.439218921681805,0.017279019253226478,78
balanced,entropy,10.0,5,0.43864490564441816,0.006780374076469864,79
balanced,entropy,15.0,20,0.4312056371683492,0.016061798203748145,80
balanced,entropy,10.0,1,0.43108539988948,0.01496586713809902,81
balanced,entropy,,20,0.4302004701621551,0.015219420090750982,82
balanced,gini,15.0,20,0.42947839386888453,0.0172802432290963,83
balanced,gini,,20,0.4290644613759137,0.017849431551698335,84
balanced,entropy,15.0,10,0.42860655582654406,0.013409631323246863,85
balanced,gini,2.0,20,0.42485878524304344,0.005458611414167019,86
balanced,entropy,2.0,10,0.42485878524304344,0.005458611414167019,86
balanced,entropy,2.0,20,0.42485878524304344,0.005458611414167019,86
balanced,entropy,2.0,50,0.42485878524304344,0.005458611414167019,86
balanced,gini,2.0,10,0.42485878524304344,0.005458611414167019,86
balanced,gini,2.0,100,0.42485878524304344,0.005458611414167019,86
balanced,gini,2.0,50,0.42485878524304344,0.005458611414167019,86
balanced,entropy,2.0,1,0.42485878524304344,0.005458611414167019,86
balanced,entropy,2.0,100,0.42485878524304344,0.005458611414167019,86
balanced,gini,2.0,1,0.42485878524304344,0.005458611414167019,86
balanced,gini,2.0,5,0.42485878524304344,0.005458611414167019,86
balanced,entropy,2.0,5,0.42485878524304344,0.005458611414167019,86
balanced,gini,15.0,10,0.4224024226059299,0.017036452754322754,98
balanced,entropy,,10,0.4193879479682578,0.016160542833314646,99
balanced,gini,,10,0.4185630246179203,0.017143349956950684,100
balanced,gini,15.0,5,0.4132178162515417,0.0121247913339638,101
balanced,entropy,15.0,5,0.41155192753746894,0.016964659984550212,102
balanced,gini,,5,0.4070721495875077,0.0119770016142721,103
balanced,gini,15.0,1,0.39724595997854545,0.008494232184741757,104
balanced,entropy,15.0,1,0.3967944930055677,0.013692932194963332,105
balanced,entropy,,5,0.3948773027505169,0.010674020648980863,106
,gini,,5,0.3796874994663434,0.02146884151145995,107
,gini,15.0,5,0.37785644174314614,0.02267714034085627,108
,gini,,20,0.37737067826178283,0.025471952516434002,109
,gini,15.0,20,0.37669648152596996,0.029186194635869432,110
,gini,10.0,10,0.37279757658228685,0.015305826825040536,111
,gini,,1,0.37177289939706537,0.017373992160430354,112
,gini,,10,0.3708748383005499,0.017708448364859065,113
,gini,15.0,10,0.3705640260900474,0.014018240088042718,114
,gini,10.0,20,0.36870232580780626,0.021869103993661196,115
balanced,entropy,,1,0.3681576200989397,0.020069285690396066,116
,entropy,,1,0.36714859032266167,0.02920411372504928,117
,gini,8.0,20,0.3664471129007568,0.02461584402546396,118
,entropy,15.0,5,0.3646086228108226,0.027306827261268735,119
,entropy,15.0,1,0.3642389035722046,0.030099252436047347,120
,entropy,,10,0.36417328866519744,0.029276187020716368,121
,gini,10.0,5,0.3628505804729893,0.0199345902289337,122
balanced,gini,,1,0.36113634076522205,0.018104351170122022,123
,entropy,,5,0.35974677229069957,0.02353672468767465,124
,gini,15.0,1,0.3589273909869222,0.011012671579973538,125
,entropy,,20,0.3575779895087429,0.0217114475894511,126
,entropy,15.0,20,0.3574323562315391,0.021926954425294354,127
,gini,8.0,10,0.35624627347332255,0.011914014018798246,128
,entropy,15.0,10,0.3561847436413966,0.023489573075054566,129
,entropy,10.0,5,0.35192943007736377,0.032320173599196325,130
,entropy,10.0,1,0.3513548398274474,0.03288822083252734,131
,gini,10.0,1,0.3498446929057377,0.0164466183328849,132
,gini,8.0,5,0.3486005702030227,0.020081840551161773,133
,entropy,10.0,20,0.3483533826237092,0.022280164338333006,134
,gini,6.0,20,0.3477494814436303,0.0169854196204874,135
,entropy,10.0,10,0.3459071202052599,0.03437679584093451,136
,gini,8.0,1,0.34259065384187437,0.016071722613827586,137
,entropy,8.0,10,0.3375238976665041,0.03468826213625336,138
,gini,6.0,10,0.3337443082368616,0.01951474388935204,139
,entropy,8.0,20,0.33318391586442103,0.021328780171802956,140
,entropy,15.0,50,0.3313762286854827,0.008824512619887346,141
,entropy,,50,0.3313762286854827,0.008824512619887346,141
,entropy,10.0,50,0.3313762286854827,0.008824512619887346,141
,gini,10.0,50,0.33101642532573,0.019965803155665457,144
,gini,15.0,50,0.33101642532573,0.019965803155665457,144
,gini,,50,0.33101642532573,0.019965803155665457,144
,entropy,5.0,100,0.33035923389148114,0.03776206767132495,147
,gini,5.0,100,0.32920147791078946,0.03032809037764668,148
,gini,8.0,100,0.32920147791078946,0.03032809037764668,148
,gini,15.0,100,0.32920147791078946,0.03032809037764668,148
,gini,6.0,100,0.32920147791078946,0.03032809037764668,148
,gini,10.0,100,0.32920147791078946,0.03032809037764668,148
,gini,,100,0.32920147791078946,0.03032809037764668,148
,entropy,6.0,100,0.32880219403656896,0.03747431110541074,154
,entropy,8.0,100,0.32880219403656896,0.03747431110541074,154
,entropy,15.0,100,0.32880219403656896,0.03747431110541074,154
,entropy,,100,0.32880219403656896,0.03747431110541074,154
,entropy,10.0,100,0.32880219403656896,0.03747431110541074,154
,gini,8.0,50,0.32878202949865687,0.019988459682745836,159
,entropy,8.0,5,0.3265893992143445,0.020296071110028895,160
,entropy,8.0,1,0.3261721980488511,0.029344894668154316,161
,entropy,8.0,50,0.32324096022548227,0.01213997102690838,162
,gini,6.0,5,0.3231354011652482,0.02413363044735102,163
,gini,6.0,1,0.3221146816233178,0.02884954509183527,164
,gini,6.0,50,0.3218275950747136,0.014511885088909922,165
,gini,4.0,100,0.314298335782845,0.03265737800047783,166
,entropy,6.0,10,0.3094179033083887,0.03546914876325215,167
,gini,5.0,50,0.3085552830812134,0.028181135735521806,168
,entropy,6.0,20,0.3068867719335831,0.018687343269822587,169
,entropy,6.0,50,0.306439804563449,0.02370972308802686,170
,entropy,5.0,50,0.30574825729464983,0.040307515760477586,171
,gini,4.0,50,0.3054033396073019,0.024368547072819702,172
,entropy,6.0,5,0.30220603534589385,0.02341402515908044,173
,entropy,6.0,1,0.30016951004864906,0.03399066731285446,174
,gini,5.0,20,0.30010428788589505,0.04060117277403205,175
,gini,4.0,20,0.29754337638876177,0.02610748835519012,176
,entropy,5.0,20,0.29410823072268044,0.04712593731231557,177
,entropy,5.0,10,0.29331298749097373,0.03075276671003027,178
,gini,4.0,5,0.28924184918369233,0.0353964150759165,179
,gini,5.0,10,0.28892418947622206,0.05239617241979793,180
,gini,4.0,1,0.2882561871071808,0.03657190384446499,181
,gini,4.0,10,0.2873137753027309,0.03741142792861192,182
,entropy,5.0,5,0.28678284644960106,0.02500119839593019,183
,entropy,5.0,1,0.2831229330777743,0.03417499746451695,184
,entropy,4.0,100,0.26730896005543137,0.040573457992343374,185
,gini,5.0,5,0.2665929620514329,0.051443568518494937,186
,gini,5.0,1,0.2656190829944668,0.052863781262088086,187
,gini,3.0,1,0.262566162950277,0.0423313232181005,188
,gini,3.0,5,0.262566162950277,0.0423313232181005,188
,gini,3.0,50,0.2610812846884581,0.04425992552756062,190
,gini,3.0,10,0.2610812846884581,0.04425992552756062,190
,gini,3.0,20,0.2610812846884581,0.04425992552756062,190
,entropy,3.0,5,0.25995226051759995,0.08008552532364095,193
,entropy,3.0,100,0.25995226051759995,0.08008552532364095,193
,entropy,3.0,20,0.25995226051759995,0.08008552532364095,193
,entropy,3.0,1,0.25995226051759995,0.08008552532364095,193
,entropy,3.0,50,0.25995226051759995,0.08008552532364095,193
,entropy,3.0,10,0.25995226051759995,0.08008552532364095,193
,gini,2.0,10,0.2572532747922639,0.13049507421127968,199
,gini,2.0,50,0.2572532747922639,0.13049507421127968,199
,gini,2.0,5,0.2572532747922639,0.13049507421127968,199
,gini,2.0,1,0.2572532747922639,0.13049507421127968,199
,gini,2.0,20,0.2572532747922639,0.13049507421127968,199
,gini,2.0,100,0.2572532747922639,0.13049507421127968,199
,gini,3.0,100,0.25368884552031795,0.046635530482578874,205
,entropy,2.0,100,0.25365616532105173,0.13013743627893043,206
,entropy,2.0,5,0.25365616532105173,0.13013743627893043,206
,entropy,2.0,1,0.25365616532105173,0.13013743627893043,206
,entropy,2.0,20,0.25365616532105173,0.13013743627893043,206
,entropy,2.0,50,0.25365616532105173,0.13013743627893043,206
,entropy,2.0,10,0.25365616532105173,0.13013743627893043,206
,entropy,4.0,1,0.25233191418047995,0.017197838368672478,212
,entropy,4.0,5,0.2515480108755682,0.01637627710124059,213
,entropy,4.0,10,0.2509622763455729,0.016754978138831866,214
,entropy,4.0,20,0.24950233163709595,0.015516170202942547,215
,entropy,4.0,50,0.24950233163709595,0.015516170202942547,215
